"pair","synergy","class"
"698037:713563",-4.1687426,0.0
"721517:752",-0.1889185,0.0
"747974:763371",+1.4804878,0.0
"743414:19893",-0.6802407,0.0
"712807:34462",+2.4833574,1.0
"85998:756645",-8.1601685,0.0
"246131:757441",-1.6889944,0.0
"743414:737754",-4.3621450,0.0
"754143:71423",-2.5587407,0.0
"109724:169780",-1.1183056,0.0
"755:141540",-3.3706926,0.0
"6396:760766",-3.4395944,0.0
"409962:71423",-3.5627185,0.0
"49842:737754",+6.0660963,1.0
"702294:3088",-7.2887741,0.0
"752:761432",-0.8524944,0.0
"1390:756645",-2.0451224,0.0
"747971:608210",+3.1177296,1.0
"755:79037",-4.9690866,0.0
"747599:34462",-2.7302667,0.0
"118218:79037",-2.1733778,0.0
"79037:757441",-1.8338426,0.0
"279836:737754",+0.8051389,0.0
"606869:755986",-0.1588606,0.0
"369100:698037",-0.3599370,0.0
"180973:755986",-0.3292731,0.0
"606869:747972",-1.5046870,0.0
"246131:698037",-2.2085870,0.0
"606869:747974",-2.0315481,0.0
"750:608210",-1.0364463,0.0
"66847:752",-0.6569167,0.0
"169780:761432",-2.7263723,0.0
"32065:749226",-2.2674896,0.0
"26980:82151",-1.0783500,0.0
"673596:13875",-2.5381782,0.0
"71423:698037",-7.3763000,0.0
"702294:141540",+0.5022204,0.0
"66847:122819",-0.9371352,0.0
"71423:82151",+4.0700207,1.0
"761432:747974",+12.5031111,1.0
"82151:698037",-2.5453409,0.0
"756645:45388",-3.4529667,0.0
"673596:761432",+0.0049980,0.0
"750:169780",-0.9824241,0.0
"673596:45388",-1.7253429,0.0
"38721:760766",-0.9342407,0.0
"109724:141540",+0.6427981,0.0
"755:747974",-4.0239593,0.0
"755:747972",-0.8870333,0.0
"19893:713563",-2.7237148,0.0
"125066:761432",-1.2018795,0.0
"628503:749226",+9.6567963,1.0
"27640:122819",-5.0008418,0.0
"122819:747974",-0.0949000,0.0
"138783:34462",-0.1198056,0.0
"102816:141540",+1.6988778,1.0
"138783:82151",+3.8476222,1.0
"122819:747972",-3.0211525,0.0
"712807:763371",-4.5116519,0.0
"34462:715055",-3.0710389,0.0
"719276:279836",+7.5048093,1.0
"701852:737754",-4.0122648,0.0
"218321:713563",-0.5156519,0.0
"67574:279836",+6.3865232,1.0
"719345:34462",-1.6019296,0.0
"79037:169780",-3.5653037,0.0
"719344:122819",+1.2465907,1.0
"740:737754",-3.3022881,0.0
"279836:749226",+1.8498907,1.0
"715055:756645",+5.1324852,1.0
"218321:19893",+0.2358833,0.0
"733504:79037",-5.6075352,0.0
"122758:279836",+0.1420593,0.0
"362856:34462",+2.0467031,1.0
"122819:761432",-3.2102842,0.0
"8806:755986",-5.0898154,0.0
"702294:713563",-30.7252037,0.0
"606869:8806",-2.2480278,0.0
"82151:737754",-0.9624689,0.0
"14229:715055",+6.5296743,1.0
"13875:169780",-3.5011630,0.0
"63878:749226",-0.8863130,0.0
"18509:755986",-4.1927796,0.0
"745750:760766",-4.2248407,0.0
"8806:760766",-3.0267907,0.0
"628503:698037",-2.0719481,0.0
"719627:141540",+2.7848537,1.0
"45388:169780",-4.1656347,0.0
"82151:763371",-5.3696852,0.0
"19893:279836",-3.7688296,0.0
"125973:45388",-2.2411241,0.0
"218321:761432",-1.5720444,0.0
"719344:761432",+0.3927798,0.0
"296961:757441",-2.3847352,0.0
"756645:279836",+5.3660885,1.0
"92859:715055",-4.2539228,0.0
"122758:79037",+0.1707352,0.0
"760766:757441",-1.0921407,0.0
"747974:760766",+4.3194907,1.0
"63878:737754",-3.1675852,0.0
"38721:71423",-2.9661296,0.0
"718781:715055",+1.7727333,1.0
"85998:747974",-7.2102296,0.0
"85998:747972",-2.4258352,0.0
"686673:747974",-5.6025278,0.0
"686673:747972",-3.7249315,0.0
"686673:715055",+2.3119556,1.0
"732517:8806",-0.5945763,0.0
"19893:608210",-1.8049925,0.0
"719344:608210",+0.7130111,0.0
"45923:763371",-5.0460998,0.0
"8806:34462",-0.8183130,0.0
"732517:82151",+4.6016215,1.0
"26980:757441",-1.9288167,0.0
"719344:71423",-4.8356259,0.0
"750690:141540",-2.1279492,0.0
"761432:755986",+15.8250167,1.0
"25154:13875",-5.7484889,0.0
"719276:13875",-7.2371074,0.0
"628503:82151",-1.4058768,0.0
"754230:71423",-4.8224759,0.0
"32065:122819",+1.9325500,1.0
"279836:757441",-1.2528004,0.0
"26271:82151",-0.5351778,0.0
"743414:34462",-2.6227870,0.0
"125973:79037",-0.1689540,0.0
"27640:737754",-1.2508444,0.0
"362856:749226",-7.2704222,0.0
"18509:19893",+0.0777796,0.0
"747973:747974",-5.7803259,0.0
"755:760766",-4.2106926,0.0
"733504:141540",-0.3605056,0.0
"762:13875",-6.7530593,0.0
"732517:45388",-3.6667420,0.0
"362856:122819",+0.6833467,0.0
"747974:749226",+1.5520175,1.0
"141540:755986",-2.4707684,0.0
"1390:713563",-0.8678407,0.0
"740:141540",-4.4984350,0.0
"712807:141540",+1.5835725,1.0
"118218:756645",-5.0121278,0.0
"362856:757441",-8.3093729,0.0
"686673:169780",+2.4547352,1.0
"3053:757441",-5.7369833,0.0
"719276:122819",+2.4304833,1.0
"26271:169780",-2.2437815,0.0
"608210:737754",+2.5778983,1.0
"757441:755986",+2.2739185,1.0
"138783:763371",-3.9794426,0.0
"719627:737754",+1.5469648,0.0
"628503:122819",-2.1292183,0.0
"718781:34462",+3.9205926,1.0
"226080:279836",+2.4796426,1.0
"24559:122819",+3.6289889,1.0
"763371:756645",-2.4343870,0.0
"6396:737754",-6.9562963,0.0
"122758:169780",-1.1566167,0.0
"296961:752",-2.5689278,0.0
"719627:752",-1.4662072,0.0
"628503:8806",-0.3706426,0.0
"750690:3088",-5.8560151,0.0
"756645:698037",-3.4803333,0.0
"740:760766",-4.7105574,0.0
"246131:755986",+0.4107611,0.0
"719276:761432",+11.1518945,1.0
"77213:79037",+1.1841741,0.0
"79037:698037",-7.9277471,0.0
"750690:279836",+3.1160847,1.0
"701852:3088",+0.3364907,0.0
"701852:747972",-1.9844500,0.0
"85998:715055",-0.0151333,0.0
"34462:169780",-4.7694037,0.0
"66847:757441",-0.6871043,0.0
"712807:8806",-3.4315148,0.0
"762:747974",-6.4615315,0.0
"754143:756645",+1.8781333,1.0
"241240:8806",-3.4947778,0.0
"18509:749226",-1.8649556,0.0
"606869:13875",-4.3469796,0.0
"109724:749226",-3.8007963,0.0
"13875:761432",+5.8870747,1.0
"609699:757441",-3.4344444,0.0
"750:79037",-1.8794111,0.0
"118218:757441",-4.4643593,0.0
"681239:79037",+0.6125907,0.0
"702294:749226",-3.1440593,0.0
"613327:3088",-4.8397889,0.0
"38721:279836",+0.6355870,0.0
"747971:756645",-4.9005778,0.0
"241240:715055",+0.3793296,0.0
"79037:755986",-2.7619962,0.0
"681239:749226",-2.9598142,0.0
"141540:749226",-1.7445913,0.0
"702294:763371",-6.5068117,0.0
"712807:169780",+0.7887333,0.0
"362856:279836",+1.2985594,1.0
"122819:737754",-1.8909661,0.0
"85998:737754",-7.1053259,0.0
"606869:698037",-3.7595798,0.0
"32065:757441",-2.7306852,0.0
"18509:71423",-4.1245315,0.0
"109724:713563",+3.4122938,1.0
"26271:749226",-4.8126796,0.0
"755986:756645",-3.0574833,0.0
"102816:19893",-0.6716628,0.0
"762:713563",-0.8270037,0.0
"34462:755986",-3.6752854,0.0
"754230:34462",-5.0652701,0.0
"719276:169780",+0.2184037,0.0
"49842:82151",-0.6060214,0.0
"66847:749226",-1.1196356,0.0
"721517:747974",-2.2593537,0.0
"681239:715055",-2.4542167,0.0
"45923:608210",-0.3619096,0.0
"721517:747972",-4.9565296,0.0
"63878:45388",-3.4702693,0.0
"732517:713563",-0.7661055,0.0
"45923:755986",-2.2546759,0.0
"180973:3088",-4.9016037,0.0
"296961:755986",-5.8698019,0.0
"754143:713563",+6.2630885,1.0
"38721:34462",-3.3070759,0.0
"755986:749226",-1.2267213,0.0
"122758:737754",-1.8243444,0.0
"763371:761432",+5.9183509,1.0
"681239:279836",-0.9058593,0.0
"747971:141540",-2.2173239,0.0
"608210:757441",+0.2094093,0.0
"67574:19893",-0.2195593,0.0
"18509:737754",-4.2687259,0.0
"85998:608210",-0.8203992,0.0
"752:760766",-1.7428167,0.0
"66847:141540",-1.1450426,0.0
"26271:747972",-2.9045444,0.0
"26271:747974",-6.4937833,0.0
"226080:122819",+0.1399852,0.0
"8806:698037",-5.9962259,0.0
"180973:715055",+1.8067514,1.0
"18509:747972",-2.6702759,0.0
"18509:747974",-3.2509849,0.0
"743414:71423",-5.0743593,0.0
"18509:122819",-2.0616333,0.0
"613327:763371",-6.3929019,0.0
"752:755986",-1.2892994,0.0
"8806:71423",-1.8812296,0.0
"719627:8806",-2.3872630,0.0
"719345:13875",-6.2266167,0.0
"740:752",-5.1752704,0.0
"750:760766",-4.5280130,0.0
"32065:79037",-2.6552426,0.0
"628503:608210",+1.7531500,1.0
"763371:747974",-3.9280833,0.0
"1390:698037",-2.0951852,0.0
"105014:749226",-4.7346630,0.0
"125066:71423",-2.7541864,0.0
"109724:752",-2.5432796,0.0
"296961:8806",-0.6785687,0.0
"686673:749226",-4.2232593,0.0
"719276:757441",-1.7524130,0.0
"3053:71423",+6.7091636,1.0
"747971:279836",+4.0933879,1.0
"180973:169780",-2.6609718,0.0
"296961:760766",-2.8925759,0.0
"740:747974",-3.4660222,0.0
"241240:122819",-0.0501204,0.0
"279836:698037",-2.2827833,0.0
"740:747972",-0.4801852,0.0
"750690:169780",+0.0228230,0.0
"226080:761432",+5.3915741,1.0
"737754:763371",+1.2284852,0.0
"762:698037",-2.5821796,0.0
"45923:756645",-2.1578833,0.0
"712807:715055",+2.2312222,1.0
"747973:756645",-2.9809722,0.0
"752:698037",-4.3891507,0.0
"105014:715055",+1.7187981,1.0
"127716:169780",-0.6665074,0.0
"750690:713563",-1.8623842,0.0
"241240:79037",-1.4431611,0.0
"756645:747972",-3.5242467,0.0
"241240:749226",+0.6355963,0.0
"712807:13875",-6.9231167,0.0
"750690:752",-2.6607130,0.0
"19893:169780",-3.2140546,0.0
"27640:279836",-4.9547290,0.0
"105014:279836",+1.1409296,0.0
"1390:8806",-3.9388167,0.0
"180973:34462",-2.2670463,0.0
"754143:13875",-3.8338370,0.0
"122758:122819",+3.4116111,1.0
"756645:755986",-3.0392166,0.0
"14229:169780",-0.9713258,0.0
"125973:279836",+0.1335556,0.0
"745750:749226",-4.9388558,0.0
"92859:13875",-6.5530188,0.0
"26980:608210",-3.0372957,0.0
"750:737754",-7.3392919,0.0
"721517:715055",-7.2287137,0.0
"750:82151",+2.5187556,1.0
"13875:19893",-1.5130778,0.0
"747973:122819",-2.1715441,0.0
"752:608210",-0.0200907,0.0
"218321:763371",-2.9156222,0.0
"26271:752",-2.8633222,0.0
"67574:747974",+2.9443222,1.0
"719345:757441",-2.3092019,0.0
"26271:756645",-5.6846000,0.0
"169780:756645",-2.9356574,0.0
"77213:755986",-9.3939153,0.0
"226080:169780",-1.0497741,0.0
"747971:122819",-0.8119379,0.0
"85998:19893",-1.2100963,0.0
"719345:749226",-1.4792580,0.0
"141540:698037",-2.5343889,0.0
"628503:747974",+2.5086148,1.0
"628503:747972",-1.8171333,0.0
"32065:747972",-2.9329056,0.0
"241240:279836",-1.1542796,0.0
"32065:747974",-3.6347352,0.0
"747973:737754",-9.1535963,0.0
"125066:715055",+1.5094124,1.0
"673596:747972",-2.4457874,0.0
"127716:757441",-2.5620815,0.0
"102816:279836",+5.1776685,1.0
"49842:715055",+8.6661926,1.0
"743414:169780",-1.0725330,0.0
"109724:45388",-4.6784926,0.0
"762:756645",-7.6521770,0.0
"67574:34462",+8.4820670,1.0
"102816:122819",+3.5268945,1.0
"613327:19893",-1.5619736,0.0
"752:122819",-3.7692481,0.0
"754230:756645",-3.9162315,0.0
"63878:279836",-1.5018944,0.0
"14229:3088",-6.1276497,0.0
"719344:8806",-3.6197037,0.0
"92859:3088",-8.8380222,0.0
"673596:749226",+1.4349870,1.0
"24559:141540",+3.5694167,1.0
"63878:79037",-2.2665926,0.0
"750:279836",-1.1608796,0.0
"45388:763371",-6.3865725,0.0
"673596:34462",-2.0418985,0.0
"218321:79037",-2.5455167,0.0
"67574:760766",+0.1291778,0.0
"67574:715055",+12.5357481,1.0
"721517:761432",-7.3891988,0.0
"82151:760766",+1.9499718,1.0
"226080:757441",-2.6264593,0.0
"719276:737754",-2.7408444,0.0
"732517:752",-1.3427043,0.0
"763371:737754",-0.9208741,0.0
"719276:608210",+5.2786833,1.0
"296961:756645",-5.0456389,0.0
"92859:122819",-30.6631345,0.0
"752:713563",-0.5147926,0.0
"49842:122819",-0.6759454,0.0
"18509:82151",-2.3135759,0.0
"24559:13875",-4.0529492,0.0
"713563:747972",-3.8628192,0.0
"63878:747972",-2.3427074,0.0
"63878:747974",-1.9257852,0.0
"1390:82151",+0.9931444,0.0
"755:752",-2.6224796,0.0
"125973:757441",+1.7915000,1.0
"122758:13875",-5.6754981,0.0
"246131:45388",-2.9342088,0.0
"747972:760766",-1.3830148,0.0
"362856:756645",-7.4572815,0.0
"218321:82151",-4.9088391,0.0
"1390:79037",-2.0200074,0.0
"752:757441",-1.5055537,0.0
"218321:169780",-0.8001000,0.0
"713563:761432",+3.1068774,1.0
"3053:279836",-0.2127722,0.0
"77213:763371",-1.7694815,0.0
"26271:8806",-4.6062333,0.0
"226080:3088",-1.2996648,0.0
"762:760766",-6.7559350,0.0
"122758:747972",-3.1010685,0.0
"38721:141540",-2.8587926,0.0
"681239:737754",-3.6696403,0.0
"122758:747974",-6.5165876,0.0
"721517:141540",-27.5000981,0.0
"125973:698037",-0.7571056,0.0
"169780:747972",-1.3169944,0.0
"3053:82151",-0.8780603,0.0
"3088:82151",-4.7769303,0.0
"246131:763371",-2.2687796,0.0
"752:279836",-3.7916204,0.0
"762:3088",-4.8995093,0.0
"409962:737754",-3.8504352,0.0
"701852:45388",-4.7292204,0.0
"613327:141540",-3.2925241,0.0
"125973:34462",+0.5144349,0.0
"745750:755986",-3.5112279,0.0
"698037:760766",-1.8799519,0.0
"754230:747974",-4.4647037,0.0
"732517:19893",+0.1113691,0.0
"755:122819",-1.2096981,0.0
"743414:8806",-4.3441762,0.0
"102816:755986",-1.2241481,0.0
"45388:608210",-5.0105130,0.0
"66847:755986",+0.4843074,0.0
"246131:79037",-2.1767833,0.0
"141540:169780",+0.8768757,0.0
"27640:71423",-5.7184833,0.0
"362856:698037",-0.9413908,0.0
"362856:71423",-4.7293391,0.0
"125066:141540",+0.2229849,0.0
"226080:79037",-6.3194741,0.0
"38721:755986",-0.7684759,0.0
"719276:698037",-1.6353537,0.0
"698037:756645",-1.6513926,0.0
"369100:715055",+0.2924519,0.0
"686673:8806",-1.5665130,0.0
"750690:756645",-3.6963574,0.0
"733504:8806",-1.4410000,0.0
"71423:713563",-8.8771726,0.0
"609699:763371",-4.6739926,0.0
"122819:757441",-3.0915907,0.0
"6396:756645",-5.1446093,0.0
"66847:34462",-1.3603259,0.0
"138783:141540",-1.3884870,0.0
"102816:82151",+0.8785111,0.0
"747599:3088",-5.0778267,0.0
"747973:747972",-2.7215667,0.0
"754143:763371",-0.5598241,0.0
"701852:122819",+7.2616365,1.0
"66847:715055",-2.5725370,0.0
"747972:756645",-0.6985307,0.0
"755:82151",+0.3298204,0.0
"6396:79037",-3.4490426,0.0
"26980:8806",-3.1239130,0.0
"109724:755986",-3.3011667,0.0
"169780:755986",-4.3872741,0.0
"719276:715055",+2.2687870,1.0
"105014:737754",-3.9535611,0.0
"756645:737754",-2.3159074,0.0
"606869:763371",-1.9794389,0.0
"79037:608210",-5.7787233,0.0
"118218:45388",-4.5999019,0.0
"719345:698037",-1.5460944,0.0
"226080:608210",+4.0842722,1.0
"747971:8806",-4.2853653,0.0
"701852:169780",+1.6307315,1.0
"756645:747974",-5.9190056,0.0
"743414:3088",-5.1605278,0.0
"45923:3088",-6.1111481,0.0
"760766:756645",-0.2758556,0.0
"8806:82151",-4.5413407,0.0
"13875:757441",-7.6211444,0.0
"127716:737754",-3.8855444,0.0
"19893:760766",+0.9143000,1.0
"67574:169780",+0.3203204,0.0
"169780:760766",-0.3935944,0.0
"241240:737754",-0.2181944,0.0
"18509:34462",-2.8952667,0.0
"127716:8806",-2.7179907,0.0
"180973:737754",-1.4140268,0.0
"122819:749226",-0.5107241,0.0
"25154:122819",+1.7752222,1.0
"296961:713563",-36.0740339,0.0
"71423:169780",-2.2306741,0.0
"127716:79037",-0.4369722,0.0
"747972:763371",-3.9907722,0.0
"754230:763371",-5.3201593,0.0
"409962:19893",-0.6621593,0.0
"296961:82151",+0.5812202,0.0
"681239:760766",-3.3225819,0.0
"45388:747972",-3.6136741,0.0
"3053:45388",-5.5326370,0.0
"6396:761432",-2.3796478,0.0
"755986:760766",-1.1087130,0.0
"45388:747974",-6.4402019,0.0
"246131:3088",-4.7256370,0.0
"681239:3088",-3.4379667,0.0
"27640:608210",-2.2015870,0.0
"296961:79037",-12.1299611,0.0
"1390:279836",+1.9512963,1.0
"66847:279836",+0.9733704,0.0
"25154:749226",-2.4596130,0.0
"49842:608210",+3.6766870,1.0
"750:756645",-6.8627537,0.0
"721517:8806",-9.8650444,0.0
"721517:34462",-21.8781648,0.0
"718781:756645",-0.0203722,0.0
"754230:752",-2.2623481,0.0
"3053:749226",+1.1720753,0.0
"740:755986",-2.4226519,0.0
"369100:737754",-5.3639907,0.0
"63878:34462",-4.3579704,0.0
"118218:122819",+1.3239000,1.0
"719344:747972",-2.9444722,0.0
"719344:715055",+1.1921000,1.0
"743414:756645",-5.5755759,0.0
"701852:763371",-6.0044370,0.0
"747971:698037",-2.7373519,0.0
"745750:763371",-6.3918463,0.0
"226080:698037",-2.8730759,0.0
"218321:737754",-1.7786685,0.0
"34462:763371",-4.2542833,0.0
"25154:715055",+4.0574420,1.0
"122758:45388",-2.4046278,0.0
"747599:141540",-1.8051846,0.0
"673596:713563",+4.3162950,1.0
"8806:713563",-3.7742316,0.0
"752:763371",-3.5491389,0.0
"760766:737754",+0.2403130,0.0
"606869:608210",-2.1954854,0.0
"628503:755986",+8.6534093,1.0
"105014:3088",-4.0481296,0.0
"25154:279836",+1.6739222,1.0
"3088:757441",-4.4043370,0.0
"686673:19893",-0.1942093,0.0
"754143:3088",+1.9131833,1.0
"125973:755986",+3.3473427,1.0
"241240:141540",-0.8828148,0.0
"14229:45388",-5.8637074,0.0
"747599:763371",-5.2069492,0.0
"226080:715055",+3.6684593,1.0
"105014:760766",-4.3224944,0.0
"613327:82151",-2.3719416,0.0
"761431:755986",-1.4008185,0.0
"719344:747974",-3.6414148,0.0
"67574:737754",+5.8442537,1.0
"180973:747972",-2.3596796,0.0
"180973:747974",-4.1742019,0.0
"718781:713563",+6.9046981,1.0
"82151:756645",+1.0936930,0.0
"125066:749226",-2.0422167,0.0
"180973:71423",-5.1475148,0.0
"85998:122819",+3.4678463,1.0
"109724:698037",-1.0993815,0.0
"409962:13875",-5.1194111,0.0
"369100:34462",+0.2529130,0.0
"733504:749226",-1.7527611,0.0
"226080:13875",-3.2200130,0.0
"628503:79037",+1.4390169,1.0
"409962:757441",-4.1045913,0.0
"755:279836",-0.4042537,0.0
"712807:755986",-2.2999926,0.0
"609699:752",-3.5907296,0.0
"66847:19893",+0.9550093,1.0
"673596:608210",-3.4362626,0.0
"750:8806",+1.2077741,0.0
"750:752",-4.2652315,0.0
"18509:763371",-4.5047000,0.0
"719627:122819",+4.7370574,1.0
"743414:122819",+1.7091846,1.0
"241240:760766",+0.8321296,1.0
"686673:761432",-1.5478738,0.0
"26980:755986",-3.0625926,0.0
"745750:3088",-4.2102280,0.0
"32065:715055",-0.5490907,0.0
"1390:761432",+2.5606040,1.0
"701852:82151",+4.4953870,1.0
"8806:763371",-6.4116444,0.0
"755:755986",-3.2475815,0.0
"762:761432",-0.2031887,0.0
"3053:13875",-1.8337056,0.0
"733504:747972",-0.1537019,0.0
"733504:747974",-1.3629648,0.0
"609699:755986",-2.8548833,0.0
"606869:141540",-1.7524056,0.0
"67574:755986",+4.9504200,1.0
"6396:13875",-6.2332279,0.0
"673596:756645",-1.8154037,0.0
"246131:141540",-2.2209204,0.0
"702294:279836",+0.0899963,0.0
"750690:8806",-4.7615386,0.0
"740:71423",-4.7617704,0.0
"6396:45388",-5.0808593,0.0
"27640:752",-5.9591259,0.0
"713563:737754",-0.4115198,0.0
"296961:698037",+0.6416019,0.0
"756645:19893",-0.0372833,0.0
"77213:713563",+3.7820796,1.0
"760766:761432",+7.9808716,1.0
"750:13875",-6.4659870,0.0
"745750:141540",-0.1499006,0.0
"26271:713563",-2.2581611,0.0
"141540:747972",-1.2125389,0.0
"77213:756645",-6.9404981,0.0
"141540:747974",-2.5965148,0.0
"125066:45388",-2.8346234,0.0
"3053:755986",+5.6812833,1.0
"719627:760766",-0.7110185,0.0
"673596:71423",-1.0339234,0.0
"747599:713563",-2.2245444,0.0
"737754:756645",+3.8298569,1.0
"24559:279836",+12.7676722,1.0
"109724:760766",-4.2404222,0.0
"608210:756645",+1.2665833,1.0
"26980:169780",-7.1424889,0.0
"127716:13875",-5.8621519,0.0
"750690:45388",-5.4044200,0.0
"180973:760766",-0.0627667,0.0
"606869:752",-4.8318574,0.0
"45923:757441",-3.5978044,0.0
"628503:13875",+2.7971296,1.0
"702294:761432",+2.1301429,0.0
"13875:82151",-3.6787185,0.0
"686673:34462",+7.7271222,1.0
"102816:715055",+2.1038362,1.0
"109724:756645",-6.2039397,0.0
"122819:169780",+1.4133130,1.0
"141540:737754",-1.9682926,0.0
"122758:761432",+12.0084463,1.0
"749226:763371",-1.6813107,0.0
"609699:279836",-0.6987259,0.0
"732517:760766",-0.8028333,0.0
"26271:279836",+1.9602315,1.0
"719276:752",-2.9149537,0.0
"79037:122819",-5.4133111,0.0
"628503:3088",-1.1100094,0.0
"719345:608210",+1.2532486,1.0
"102816:169780",-0.0796907,0.0
"719276:747974",-3.2723722,0.0
"122758:755986",-3.1893407,0.0
"14229:79037",-1.7372296,0.0
"127716:608210",-0.9718500,0.0
"719276:747972",-2.2285009,0.0
"733504:756645",-2.2810130,0.0
"102816:752",-2.7571056,0.0
"686673:698037",-2.5230963,0.0
"24559:715055",+11.5738593,1.0
"681239:45388",-1.7232833,0.0
"1390:737754",-2.7579831,0.0
"79037:141540",-3.0001630,0.0
"750690:79037",-3.4310926,0.0
"719344:749226",-2.7920151,0.0
"63878:715055",-0.2709699,0.0
"26271:608210",-0.5870926,0.0
"45923:749226",-3.9361796,0.0
"712807:756645",-2.9776074,0.0
"3053:8806",-1.0348192,0.0
"369100:3088",-3.4288407,0.0
"85998:71423",-5.7493574,0.0
"613327:279836",-1.7618259,0.0
"138783:8806",-4.2905630,0.0
"241240:747972",-1.5447444,0.0
"760766:749226",+0.6633448,0.0
"3088:737754",-3.7393444,0.0
"241240:747974",-1.1082352,0.0
"8806:19893",-4.1379833,0.0
"109724:3088",-5.6784037,0.0
"613327:122819",-3.5848556,0.0
"609699:169780",-0.5220537,0.0
"127716:747974",-5.4803463,0.0
"1390:45388",-5.7130527,0.0
"34462:756645",-3.5030241,0.0
"1390:763371",-4.3222019,0.0
"92859:698037",-1.4472981,0.0
"45923:141540",-3.5367148,0.0
"25154:737754",-4.4575019,0.0
"118218:13875",-6.9133315,0.0
"745750:34462",-0.6153276,0.0
"6396:757441",-3.7982500,0.0
"67574:122819",+4.1594788,1.0
"362856:19893",-1.1879100,0.0
"756645:71423",-3.1431657,0.0
"747973:279836",-0.6821168,0.0
"246131:34462",-3.8285833,0.0
"754230:698037",-0.7297043,0.0
"82151:279836",+4.0484259,1.0
"141540:757441",-3.0036185,0.0
"246131:749226",-1.0626271,0.0
"14229:713563",+3.7574143,1.0
"3088:755986",-5.0019812,0.0
"628503:756645",-0.3580630,0.0
"141540:763371",-4.6232561,0.0
"750:698037",-2.2705690,0.0
"14229:755986",+0.3166630,0.0
"750:749226",-5.1171926,0.0
"673596:122819",-1.0685077,0.0
"92859:79037",-18.7106889,0.0
"681239:169780",-0.6282611,0.0
"67574:79037",+0.9943635,0.0
"721517:79037",-14.7898500,0.0
"719345:71423",-4.3381093,0.0
"85998:752",-2.9076833,0.0
"109724:79037",-2.1335333,0.0
"409962:45388",-5.2986008,0.0
"681239:8806",-1.3053352,0.0
"712807:761432",+7.7399220,1.0
"712807:71423",-4.7004259,0.0
"686673:737754",-4.8183630,0.0
"38721:713563",-1.3304765,0.0
"109724:34462",-2.0413333,0.0
"701852:752",-2.7479481,0.0
"409962:698037",-3.0420632,0.0
"125066:19893",-0.8995424,0.0
"67574:698037",-0.4692298,0.0
"45923:19893",-1.4071815,0.0
"92859:752",-1.9239370,0.0
"745750:757441",-4.4303926,0.0
"749226:737754",+1.6159981,1.0
"409962:279836",-9.2969134,0.0
"67574:45388",-5.7125889,0.0
"745750:713563",-1.7355632,0.0
"740:13875",-4.2194333,0.0
"180973:752",-2.2292056,0.0
"362856:8806",-1.7713161,0.0
"713563:757441",-1.4503593,0.0
"701852:755986",-1.9441537,0.0
"66847:747974",-1.2993611,0.0
"66847:747972",-5.2996778,0.0
"34462:71423",-7.5517944,0.0
"127716:715055",+0.1481296,0.0
"409962:82151",+1.1145148,1.0
"38721:761432",+9.6944770,1.0
"362856:715055",+1.2082184,1.0
"13875:747974",-8.8524185,0.0
"92859:279836",-39.5366250,0.0
"77213:279836",+9.2616389,1.0
"698037:747974",-4.1099685,0.0
"241240:45388",-3.0120722,0.0
"125066:760766",-2.8605463,0.0
"698037:747972",-2.6321676,0.0
"45388:713563",-4.9843796,0.0
"226080:747974",-4.2857648,0.0
"362856:752",-5.9548774,0.0
"712807:747974",-6.0724352,0.0
"226080:747972",+1.4863519,1.0
"246131:169780",-0.5673519,0.0
"25154:141540",-1.5667611,0.0
"49842:8806",-5.3482852,0.0
"18509:608210",-0.6399962,0.0
"613327:755986",-5.7296296,0.0
"747599:82151",+3.1960358,1.0
"18509:761432",+1.4343040,1.0
"613327:760766",-4.7007043,0.0
"715055:747974",-0.7269574,0.0
"715055:747972",-2.2014222,0.0
"246131:713563",-1.9177259,0.0
"25154:79037",+1.3336648,1.0
"125973:763371",+0.1436148,0.0
"719627:749226",-2.7746611,0.0
"105014:169780",-0.8191519,0.0
"719627:608210",+6.8827037,1.0
"747972:761432",+2.9808566,1.0
"756645:82151",-2.1216045,0.0
"71423:763371",-8.5093766,0.0
"122819:713563",-0.5372574,0.0
"740:608210",-0.4860981,0.0
"66847:79037",-0.0122259,0.0
"3088:608210",-5.1364626,0.0
"14229:8806",-3.7904426,0.0
"141540:761432",-4.3317925,0.0
"701852:8806",-0.9638852,0.0
"750:713563",-0.2329463,0.0
"732517:279836",+5.4209849,1.0
"1390:747974",-2.5028167,0.0
"1390:747972",-1.2524981,0.0
"125973:13875",-0.1023704,0.0
"754230:279836",-0.6330697,0.0
"750:757441",-5.9055852,0.0
"66847:760766",+1.2207278,1.0
"756645:763371",-3.9708500,0.0
"719276:34462",+0.6265648,0.0
"6396:749226",-3.3971500,0.0
"25154:760766",-2.0577741,0.0
"369100:169780",-1.6892037,0.0
"702294:19893",-0.3787363,0.0
"713563:749226",-1.1561556,0.0
"79037:749226",-2.4186667,0.0
"13875:608210",-1.2866426,0.0
"3088:13875",-5.2638343,0.0
"296961:45388",+4.7046167,1.0
"13875:749226",-6.6820320,0.0
"3053:713563",+6.5325907,1.0
"747973:8806",-3.6920805,0.0
"32065:8806",-4.5433000,0.0
"702294:122819",+4.6386407,1.0
"673596:8806",-0.3974655,0.0
"49842:13875",-1.3897556,0.0
"628503:737754",+5.3425694,1.0
"24559:756645",-1.3977037,0.0
"279836:608210",+2.2309266,1.0
"66847:698037",-3.1335889,0.0
"141540:608210",-3.5607883,0.0
"105014:34462",-0.2300630,0.0
"681239:755986",-2.4076252,0.0
"732517:13875",-3.2349360,0.0
"92859:755986",-3.4750556,0.0
"13875:756645",-6.4172333,0.0
"681239:747972",-6.1849426,0.0
"754230:749226",-3.7622963,0.0
"750690:608210",+1.5125104,1.0
"24559:71423",-0.8017086,0.0
"681239:747974",-3.1133074,0.0
"721517:608210",-13.6797011,0.0
"26980:45388",-3.7574944,0.0
"109724:747974",-6.3976611,0.0
"3053:122819",-1.8345907,0.0
"63878:608210",-4.2060175,0.0
"740:8806",-5.0606911,0.0
"14229:747974",-2.3380241,0.0
"14229:747972",-1.0976667,0.0
"77213:761432",-2.3395667,0.0
"755:34462",-4.4653556,0.0
"712807:45388",-4.2451093,0.0
"718781:761432",+8.3727797,1.0
"49842:279836",+0.2122842,0.0
"45923:122819",-1.3772373,0.0
"712807:698037",-0.5159593,0.0
"369100:757441",-6.4573407,0.0
"750:763371",-7.4333296,0.0
"719344:169780",-0.8004315,0.0
"719345:8806",-2.7452467,0.0
"296961:279836",+5.2952926,1.0
"125066:713563",+0.3741846,0.0
"218321:3088",-4.2539796,0.0
"745750:8806",-2.9981801,0.0
"14229:737754",-2.9856877,0.0
"686673:141540",+1.4553315,1.0
"755:737754",-4.3698945,0.0
"105014:82151",-2.7080444,0.0
"749226:757441",-0.9200881,0.0
"752:34462",+1.5343407,1.0
"13875:698037",-3.7364352,0.0
"109724:122819",+1.1906222,1.0
"732517:715055",+3.3956574,1.0
"19893:761432",+2.4343155,1.0
"362856:141540",-2.3662299,0.0
"681239:13875",-4.4437222,0.0
"122819:698037",-3.4471111,0.0
"409962:761432",+4.8647874,1.0
"754143:169780",+0.0987963,0.0
"719627:279836",+9.9136944,1.0
"719276:755986",-0.5995104,0.0
"740:761432",-4.7213333,0.0
"702294:169780",+2.0119556,1.0
"750690:71423",-5.2142599,0.0
"105014:755986",-5.1851356,0.0
"750:45388",-5.5157426,0.0
"279836:713563",+2.3021815,1.0
"13875:279836",-0.2484222,0.0
"719276:760766",-0.2725778,0.0
"105014:747972",-2.7637500,0.0
"18509:13875",-5.6345907,0.0
"740:45388",-6.1379981,0.0
"105014:747974",-6.1206259,0.0
"760766:747974",-3.6254056,0.0
"241240:82151",-1.4259002,0.0
"27640:34462",-5.0139802,0.0
"755:715055",-0.1035000,0.0
"109724:82151",-0.2790444,0.0
"756645:761432",+0.0643013,0.0
"25154:747972",-1.5003407,0.0
"747973:141540",-2.1039925,0.0
"25154:747974",-3.3403685,0.0
"79037:760766",-0.3403352,0.0
"3053:698037",-2.4112444,0.0
"122758:608210",+1.0272852,0.0
"755986:763371",-4.1229870,0.0
"77213:19893",-1.0191148,0.0
"127716:755986",-4.5497704,0.0
"362856:760766",-6.1759222,0.0
"125973:19893",-0.0462630,0.0
"715055:761432",+14.2752593,1.0
"122819:755986",+0.1314093,0.0
"756645:757441",-1.4975389,0.0
"241240:755986",-1.6831431,0.0
"749226:756645",+2.0826148,1.0
"66847:169780",+0.2754519,0.0
"608210:698037",+0.4950678,0.0
"369100:749226",-5.3826222,0.0
"6396:34462",-4.6583222,0.0
"180973:19893",-0.6888074,0.0
"712807:760766",-1.2003815,0.0
"754143:19893",+1.4967889,1.0
"118218:749226",-4.1154237,0.0
"681239:82151",-0.3093278,0.0
"169780:279836",-2.7632056,0.0
"686673:752",-3.2646981,0.0
"760766:755986",-0.8746259,0.0
"49842:757441",-1.6609148,0.0
"756645:8806",-2.9734783,0.0
"109724:8806",-3.9195278,0.0
"92859:749226",-10.4436056,0.0
"138783:122819",+2.8079537,1.0
"757441:761432",+1.0435907,0.0
"3053:34462",-1.9195463,0.0
"740:763371",-4.9650556,0.0
"747971:747974",-6.2790611,0.0
"719276:71423",-4.6594030,0.0
"673596:763371",-1.6282889,0.0
"747599:608210",+3.8620907,1.0
"747971:747972",-3.1489002,0.0
"362856:737754",-8.1423019,0.0
"296961:761432",-6.9089370,0.0
"246131:8806",-3.1093426,0.0
"1390:757441",-2.3931259,0.0
"698037:737754",-2.3428037,0.0
"761431:763371",-5.5494463,0.0
"45923:79037",-4.2105782,0.0
"721517:760766",-1.5169093,0.0
"747971:3088",-4.9723898,0.0
"85998:761432",-4.0441685,0.0
"49842:698037",-1.6378241,0.0
"118218:715055",+1.4486019,1.0
"102816:747972",-1.7194972,0.0
"226080:737754",-3.2122981,0.0
"102816:747974",-2.5387944,0.0
"105014:71423",-6.1936870,0.0
"701852:749226",-2.9307514,0.0
"14229:752",-3.7495352,0.0
"719627:715055",+0.6282037,0.0
"747971:761432",+10.2602316,1.0
"26980:71423",-5.7058926,0.0
"750690:34462",-4.7933852,0.0
"71423:715055",-1.5633630,0.0
"750690:760766",-2.8988815,0.0
"118218:279836",+3.1498778,1.0
"719276:19893",-0.6047815,0.0
"14229:34462",-4.8666944,0.0
"122758:141540",+2.7158278,1.0
"719345:169780",-2.3030296,0.0
"1390:34462",-1.4981481,0.0
"733504:713563",-0.2593259,0.0
"71423:761432",+5.5189119,1.0
"14229:19893",-1.3039870,0.0
"756645:34462",-3.4893220,0.0
"138783:760766",+0.3011852,0.0
"32065:760766",-1.0321352,0.0
"109724:747972",-2.5695259,0.0
"125973:141540",-3.4981053,0.0
"38721:763371",-3.6593616,0.0
"752:141540",-2.6717907,0.0
"226080:755986",+2.2854783,1.0
"750690:761432",+0.4715259,0.0
"6396:713563",-0.0950444,0.0
"732517:756645",-0.5937278,0.0
"754230:755986",-3.5289593,0.0
"3053:761432",-1.6924630,0.0
"673596:19893",-2.4823889,0.0
"719344:45388",-4.0081537,0.0
"756645:608210",+2.0785386,1.0
"92859:737754",-6.1226722,0.0
"24559:34462",+2.5937704,1.0
"26980:698037",-2.5360546,0.0
"754230:122819",-1.9230885,0.0
"745750:45388",-4.9371284,0.0
"226080:760766",-1.5477589,0.0
"609699:141540",-2.1402963,0.0
"1390:752",-3.4552185,0.0
"92859:8806",-9.0178778,0.0
"743414:749226",-4.5099115,0.0
"19893:755986",-0.0175160,0.0
"613327:715055",+0.2642556,0.0
"92859:747972",-2.0100259,0.0
"92859:747974",-7.7041751,0.0
"92859:760766",-7.8572611,0.0
"747973:169780",-3.6896407,0.0
"77213:34462",+3.8886574,1.0
"125066:82151",+2.6081036,1.0
"3088:122819",-1.7403148,0.0
"750690:747974",-5.2695259,0.0
"719345:763371",-2.8915932,0.0
"218321:756645",-2.1493785,0.0
"750690:747972",-2.6764315,0.0
"702294:34462",-7.6957966,0.0
"733504:279836",+4.6669296,1.0
"702294:737754",+2.2801181,0.0
"747973:755986",-2.9635500,0.0
"754230:169780",-2.0278852,0.0
"613327:169780",-1.8893093,0.0
"743414:715055",+1.9332759,1.0
"681239:698037",-2.9348296,0.0
"762:122819",-0.4078185,0.0
"79037:82151",-3.1335222,0.0
"63878:8806",-2.6127870,0.0
"26980:737754",-14.5319201,0.0
"92859:45388",-4.9254907,0.0
"296961:737754",-5.1952556,0.0
"719345:45388",-3.7201259,0.0
"26980:763371",-2.2083833,0.0
"409962:608210",-1.3579130,0.0
"109724:761432",+1.3491149,1.0
"733504:608210",+3.3066037,1.0
"102816:760766",+0.0993870,0.0
"6396:608210",-2.2537833,0.0
"13875:713563",-6.8632580,0.0
"755:749226",-3.4282500,0.0
"747973:34462",-4.1025443,0.0
"125066:279836",+3.2634181,1.0
"737754:757441",+0.6839944,0.0
"754230:715055",+0.0265611,0.0
"109724:13875",-6.9462611,0.0
"609699:79037",+0.6966259,0.0
"32065:756645",-3.6816497,0.0
"747973:713563",-1.2497665,0.0
"754230:19893",-0.6283111,0.0
"24559:749226",+2.3803239,1.0
"745750:279836",+8.4293220,1.0
"27640:757441",-2.0191889,0.0
"8806:45388",-3.5188926,0.0
"85998:279836",+2.7967426,1.0
"26271:760766",-3.9698722,0.0
"32065:713563",-1.2916222,0.0
"296961:763371",-7.4641852,0.0
"609699:34462",-0.5043574,0.0
"77213:45388",+1.7547556,0.0
"1390:122819",-1.3452778,0.0
"686673:13875",-6.9421444,0.0
"19893:737754",+0.1424907,0.0
"14229:757441",-2.2632981,0.0
"27640:169780",-3.7464181,0.0
"718781:71423",-2.4049481,0.0
"34462:757441",-2.7666630,0.0
"719276:756645",+1.0856798,1.0
"122758:763371",-4.7098593,0.0
"3053:763371",-4.9380963,0.0
"686673:3088",+0.1428722,0.0
"747599:752",-2.6943833,0.0
"26980:749226",-0.4380204,0.0
"14229:756645",-2.1919685,0.0
"747971:71423",-3.2900207,0.0
"246131:760766",-0.7934130,0.0
"18509:169780",+0.5562333,0.0
"105014:698037",-4.4256360,0.0
"1390:169780",-0.6722148,0.0
"721517:71423",-1.5054148,0.0
"718781:763371",-1.4985315,0.0
"34462:82151",-5.2701815,0.0
"127716:756645",-2.3803296,0.0
"747599:122819",-0.0432147,0.0
"719344:698037",-1.1647926,0.0
"125973:749226",+5.6800815,1.0
"66847:45388",-1.3265833,0.0
"755:757441",-4.6152260,0.0
"409962:8806",-0.6796963,0.0
"246131:13875",-5.7292981,0.0
"63878:19893",-1.3129093,0.0
"362856:3088",-2.6816590,0.0
"63878:756645",-0.2193852,0.0
"296961:34462",-1.6407288,0.0
"747971:737754",+1.4318889,0.0
"241240:34462",-2.0837444,0.0
"32065:763371",-4.2535235,0.0
"409962:747974",-4.7586537,0.0
"45923:761432",+1.3646004,0.0
"409962:747972",-2.2877926,0.0
"79037:747972",-4.3613426,0.0
"6396:698037",-2.7194333,0.0
"18509:760766",-3.8678241,0.0
"754230:8806",-4.5742259,0.0
"34462:749226",-3.6364765,0.0
"673596:141540",-0.4929732,0.0
"127716:82151",+1.5765444,1.0
"721517:45388",-0.4155741,0.0
"49842:755986",+14.1768167,1.0
"701852:79037",+3.8794370,1.0
"718781:279836",+10.3358815,1.0
"701852:747974",-5.4128444,0.0
"749226:761432",+7.5250759,1.0
"18509:141540",-2.1984741,0.0
"3088:141540",-1.7882019,0.0
"409962:752",-3.7854407,0.0
"369100:71423",-4.5025500,0.0
"49842:45388",-5.9216784,0.0
"3053:79037",-1.1826685,0.0
"750690:737754",-4.9746611,0.0
"702294:79037",-12.1831356,0.0
"721517:755986",+0.8250640,0.0
"19893:122819",-4.0283710,0.0
"754230:82151",-1.2672759,0.0
"719345:713563",+5.1782593,1.0
"19893:79037",-1.9721574,0.0
"77213:757441",-4.9371318,0.0
"105014:19893",-1.8872278,0.0
"606869:756645",-1.8527148,0.0
"118218:737754",-3.8122667,0.0
"180973:761432",+14.3569056,1.0
"721517:749226",-3.9903759,0.0
"85998:757441",-7.8387907,0.0
"743414:45388",-5.7601092,0.0
"13875:34462",-4.4940074,0.0
"750:141540",-1.6987056,0.0
"3088:749226",-4.4658831,0.0
"138783:749226",-4.1120556,0.0
"38721:19893",-0.7049148,0.0
"25154:755986",-2.9359167,0.0
"138783:608210",-3.0386558,0.0
"609699:749226",-2.9337667,0.0
"27640:755986",-2.5617704,0.0
"743414:141540",-1.7557684,0.0
"755:19893",-3.1578755,0.0
"45923:715055",-0.4472407,0.0
"63878:713563",-0.3249704,0.0
"125973:169780",-2.1987093,0.0
"63878:71423",-2.5754593,0.0
"122758:713563",+2.2374222,1.0
"752:71423",-4.2014859,0.0
"752:747972",-0.8601537,0.0
"296961:747972",-3.4559852,0.0
"127716:3088",-1.5519741,0.0
"71423:747972",-6.6090648,0.0
"719344:737754",-3.6447556,0.0
"698037:715055",-2.2195989,0.0
"296961:747974",-0.9152167,0.0
"180973:82151",+5.1599259,1.0
"85998:698037",-1.3601074,0.0
"721517:13875",-4.7948296,0.0
"49842:79037",-6.3460907,0.0
"71423:747974",-7.9169944,0.0
"127716:752",-4.3622296,0.0
"762:747972",-2.2623056,0.0
"702294:71423",-6.7793574,0.0
"701852:141540",+3.9073691,1.0
"369100:752",-2.3557222,0.0
"745750:737754",-1.2481241,0.0
"226080:756645",-3.1115630,0.0
"409962:715055",+1.1852481,1.0
"218321:757441",-1.7695593,0.0
"218321:13875",-6.9970130,0.0
"609699:713563",+3.1236574,1.0
"24559:698037",-3.3761926,0.0
"125066:8806",-2.3596460,0.0
"761431:757441",-4.3260315,0.0
"109724:737754",-4.0667278,0.0
"762:737754",-3.6293963,0.0
"8806:141540",-3.2309661,0.0
"747974:755986",+3.5535386,1.0
"13875:763371",-9.7082693,0.0
"279836:763371",-3.5059815,0.0
"628503:761432",+2.1143926,1.0
"749226:747974",-2.4029571,0.0
"3088:279836",-2.3564259,0.0
"14229:71423",-3.4125611,0.0
"747973:71423",-5.1277074,0.0
"14229:761432",+0.3643463,0.0
"747974:737754",+2.4293148,1.0
"719345:122819",+1.8684778,1.0
"719627:169780",-1.6059926,0.0
"761432:763371",+8.8686167,1.0
"45388:82151",-9.3594037,0.0
"754143:82151",+2.3665104,1.0
"606869:757441",-1.1314907,0.0
"102816:737754",-2.0503222,0.0
"701852:608210",+1.7445796,1.0
"109724:608210",+0.5654407,0.0
"701852:34462",+6.9336778,1.0
"18509:8806",-3.2369190,0.0
"127716:760766",-0.8140963,0.0
"66847:82151",-0.1019130,0.0
"715055:757441",-1.2723315,0.0
"38721:737754",-1.3306102,0.0
"6396:71423",-6.3919704,0.0
"3088:713563",-2.1633611,0.0
"241240:608210",-0.6588704,0.0
"752:3088",-4.6169278,0.0
"755986:737754",+2.2612938,1.0
"369100:8806",-3.4624759,0.0
"122819:715055",+3.6990704,1.0
"246131:19893",+0.3094574,0.0
"673596:82151",-1.0682567,0.0
"747973:45388",-5.3904105,0.0
"681239:761432",+5.3932671,1.0
"85998:13875",-7.1360584,0.0
"718781:169780",-0.2554833,0.0
"26271:3088",-4.4388593,0.0
"27640:141540",-6.3199736,0.0
"732517:71423",-0.6948079,0.0
"38721:3088",-4.9310185,0.0
"609699:82151",-2.2824741,0.0
"719344:79037",-0.3098682,0.0
"747973:749226",-1.8408644,0.0
"733504:169780",-1.4698148,0.0
"750690:19893",-1.3816500,0.0
"3053:760766",-2.6259963,0.0
"122758:752",-2.2923981,0.0
"713563:755986",-1.5466556,0.0
"77213:169780",-0.0964778,0.0
"762:45388",-10.7208437,0.0
"71423:756645",-6.1844503,0.0
"141540:760766",-1.0188519,0.0
"279836:761432",+0.7665442,0.0
"138783:279836",-9.6704444,0.0
"686673:71423",-4.2495029,0.0
"719345:755986",-0.7056333,0.0
"755:698037",-1.9290613,0.0
"26980:752",-4.8340519,0.0
"754230:13875",-5.7267326,0.0
"3053:141540",-2.8780315,0.0
"45388:749226",-5.7298098,0.0
"45923:45388",-5.9426741,0.0
"608210:715055",+9.9446778,1.0
"19893:757441",+0.3784056,0.0
"77213:752",-2.7136365,0.0
"733504:3088",-0.6031167,0.0
"169780:715055",-0.0824148,0.0
"226080:34462",-1.9171241,0.0
"38721:13875",-6.8367630,0.0
"750:19893",-1.5863389,0.0
"25154:45388",-9.8353919,0.0
"45388:122819",-4.3791407,0.0
"752:737754",-2.7047137,0.0
"609699:715055",+2.6834370,1.0
"71423:760766",-6.2561593,0.0
"681239:763371",-4.8194907,0.0
"105014:761432",-1.0142907,0.0
"3053:715055",+9.9036093,1.0
"82151:747972",-0.7272335,0.0
"226080:752",-4.6564667,0.0
"45388:757441",-5.7261185,0.0
"38721:82151",-0.9168981,0.0
"743414:747972",-2.7463148,0.0
"762:34462",-1.1860481,0.0
"747599:71423",-5.2624614,0.0
"743414:747974",-7.2465685,0.0
"125066:763371",-5.1545852,0.0
"109724:19893",-0.4985556,0.0
"125973:71423",+7.6093409,1.0
"218321:752",-3.0267870,0.0
"719344:141540",+0.5321889,0.0
"362856:755986",-7.2945185,0.0
"27640:13875",-5.1192241,0.0
"752:45388",-4.9220759,0.0
"369100:608210",-1.2946407,0.0
"362856:761432",-3.5318946,0.0
"32065:34462",-1.9538204,0.0
"38721:757441",-1.8720630,0.0
"122758:3088",-2.8281111,0.0
"763371:757441",-1.9402259,0.0
"743414:760766",-3.8504815,0.0
"712807:79037",+1.8547241,1.0
"26980:13875",-6.2020222,0.0
"756645:169780",-0.2127721,0.0
"218321:698037",-2.1754222,0.0
"241240:761432",+1.9239370,1.0
"85998:755986",-6.3454896,0.0
"218321:122819",-2.1839667,0.0
"27640:698037",+1.9512667,1.0
"3088:169780",-2.2111426,0.0
"26980:760766",+0.6929111,0.0
"613327:747972",-3.8997194,0.0
"747599:749226",-3.8198701,0.0
"613327:747974",-5.5612315,0.0
"71423:141540",+0.7690704,0.0
"18509:79037",-1.2108512,0.0
"409962:755986",-3.4385296,0.0
"125066:169780",-0.7144866,0.0
"756645:760766",-0.2892667,0.0
"138783:715055",+0.9805352,1.0
"757441:760766",+2.5136907,1.0
"19893:763371",-1.3018019,0.0
"127716:34462",+2.1121759,1.0
"125066:757441",-2.8950704,0.0
"752:169780",-2.4604162,0.0
"77213:747972",-1.0826148,0.0
"718781:698037",-2.2855222,0.0
"747971:82151",+1.7494896,1.0
"756645:141540",-2.4514840,0.0
"747971:757441",-5.7507907,0.0
"105014:763371",-5.8081111,0.0
"27640:763371",-4.2808426,0.0
"750690:749226",-4.3504019,0.0
"32065:71423",-6.3305833,0.0
"45388:279836",-4.9910296,0.0
"49842:763371",-2.6201222,0.0
"79037:715055",-1.7676026,0.0
"92859:763371",-7.9660278,0.0
"24559:755986",+9.7338815,1.0
"608210:747972",-1.0523556,0.0
"77213:13875",-4.9939944,0.0
"719627:45388",-2.5157463,0.0
"180973:757441",-1.9042844,0.0
"18509:713563",-1.3374991,0.0
"608210:747974",-2.6768204,0.0
"719627:19893",-1.3976796,0.0
"24559:8806",-0.6653333,0.0
"45923:169780",-1.5229796,0.0
"169780:737754",-0.4543093,0.0
"45923:8806",-4.0557148,0.0
"719276:713563",+6.0105796,1.0
"718781:755986",-0.6797759,0.0
"750690:13875",-7.6444833,0.0
"681239:608210",-0.9662074,0.0
"66847:737754",-2.0548588,0.0
"141540:713563",-0.4266111,0.0
"712807:737754",-2.1991019,0.0
"747599:8806",-4.6811130,0.0
"82151:715055",+11.1630611,1.0
"613327:13875",-6.1708889,0.0
"241240:763371",-2.4352722,0.0
"609699:13875",-4.7659352,0.0
"718781:13875",-6.1171714,0.0
"686673:755986",-3.1601370,0.0
"752:13875",-2.9088343,0.0
"1390:755986",-2.1477000,0.0
"109724:715055",+0.6188981,0.0
"14229:763371",-3.4448278,0.0
"719345:82151",+1.1820815,1.0
"740:756645",-5.1900407,0.0
"747974:757441",+2.3264765,1.0
"719627:3088",-4.1002019,0.0
"673596:279836",-0.4988429,0.0
"740:713563",+0.8198963,1.0
"747971:749226",-1.6672296,0.0
"26271:71423",-6.6146963,0.0
"609699:45388",-3.2271111,0.0
"32065:761432",+3.4468324,1.0
"737754:749226",+2.9739759,1.0
"606869:34462",-1.2954611,0.0
"6396:752",-3.9339463,0.0
"750:3088",-4.1889259,0.0
"712807:122819",+4.9691185,1.0
"67574:752",+0.9501093,1.0
"67574:3088",-0.5566389,0.0
"747974:756645",+5.1389981,1.0
"756645:13875",-4.8737194,0.0
"25154:82151",+0.7078148,0.0
"34462:713563",-3.1016333,0.0
"241240:19893",+0.0066333,0.0
"718781:8806",-0.7702241,0.0
"169780:749226",-0.7640866,0.0
"747972:755986",-1.9165296,0.0
"226080:71423",-1.1666722,0.0
"6396:763371",-4.7103352,0.0
"122819:763371",-4.2716889,0.0
"38721:752",-1.1096111,0.0
"761431:761432",+3.3273842,1.0
"628503:34462",-3.3841494,0.0
"719276:763371",-3.5052704,0.0
"246131:756645",-0.8915763,0.0
"82151:761432",+1.7688889,1.0
"105014:608210",-0.4479815,0.0
"127716:713563",+1.0073167,1.0
"296961:122819",+0.4087463,0.0
"740:79037",-3.2814310,0.0
"218321:45388",-3.5650278,0.0
"719627:79037",+0.4318074,0.0
"762:71423",-5.4615122,0.0
"25154:608210",-1.9667963,0.0
"122758:756645",-5.0621296,0.0
"762:279836",-0.4514574,0.0
"45923:737754",-4.1636169,0.0
"754230:608210",-0.3823222,0.0
"606869:82151",-0.5662981,0.0
"609699:71423",-3.5025389,0.0
"38721:79037",-2.0776741,0.0
"712807:19893",-0.4759296,0.0
"752:749226",-1.8169228,0.0
"747973:715055",+0.9291667,1.0
"77213:82151",+4.3332815,1.0
"712807:82151",+3.9472574,1.0
"749226:760766",+1.0372693,0.0
"757441:747974",+0.4689370,0.0
"6396:8806",-3.3659204,0.0
"66847:3088",-3.3223741,0.0
"180973:749226",-0.6454388,0.0
"296961:169780",+2.4566389,1.0
"750690:715055",+1.3911056,1.0
"49842:34462",+0.1942586,0.0
"762:752",-5.1715519,0.0
"747599:757441",-3.6270167,0.0
"226080:713563",+0.4668833,0.0
"63878:13875",-4.6944259,0.0
"82151:141540",+2.3621333,1.0
"169780:757441",-2.4823296,0.0
"125973:122819",+0.4506131,0.0
"754230:79037",-3.3172537,0.0
"92859:757441",-9.3548019,0.0
"125973:760766",+1.5978889,1.0
"747973:608210",-0.7483704,0.0
"45923:747974",-3.7317259,0.0
"45923:747972",-2.9690979,0.0
"26271:761432",-2.6130796,0.0
"752:747974",-2.2320611,0.0
"118218:169780",-0.1932833,0.0
"628503:715055",+18.4744241,1.0
"138783:45388",-1.8547148,0.0
"369100:45388",-4.2757685,0.0
"743414:698037",-1.4162505,0.0
"763371:755986",-1.2166648,0.0
"125066:79037",+0.5417778,0.0
"673596:755986",+0.6544796,0.0
"24559:747972",-4.5935444,0.0
"24559:747974",+2.6232907,0.0
"85998:3088",-3.9678148,0.0
"105014:141540",+0.7965296,0.0
"721517:82151",-16.2406111,0.0
"719345:79037",-0.0426796,0.0
"750690:122819",-1.2596591,0.0
"246131:761432",+7.1886101,1.0
"105014:79037",-1.4500556,0.0
"745750:13875",-5.1464821,0.0
"740:3088",-5.0339103,0.0
"740:698037",-2.4799556,0.0
"712807:749226",-2.3771537,0.0
"702294:757441",-4.9688433,0.0
"752:8806",-5.4955389,0.0
"743414:13875",-6.7853759,0.0
"125066:698037",-1.4829004,0.0
"732517:34462",+5.5939887,1.0
"362856:169780",-0.4200019,0.0
"719345:19893",-0.5467370,0.0
"713563:756645",-0.7736177,0.0
"13875:122819",-2.7429056,0.0
"409962:756645",-5.8029611,0.0
"747974:761432",+11.5124722,1.0
"45923:760766",-1.9051667,0.0
"733504:71423",-2.2106815,0.0
"67574:763371",-4.5387081,0.0
"14229:279836",+7.0444259,1.0
"673596:3088",-1.9268812,0.0
"13875:79037",-0.7219056,0.0
"246131:747974",-3.5393556,0.0
"226080:763371",-1.9809870,0.0
"246131:747972",-3.3742963,0.0
"745750:122819",+3.3257663,1.0
"743414:755986",-4.6586926,0.0
"606869:122819",-0.2576889,0.0
"45388:756645",-6.3130796,0.0
"606869:71423",-4.5719623,0.0
"77213:747974",-10.2206389,0.0
"26980:756645",-1.8002204,0.0
"19893:82151",-2.6088352,0.0
"681239:141540",-2.0388500,0.0
"673596:757441",-0.6482463,0.0
"25154:761432",-1.8869228,0.0
"609699:698037",-3.8597043,0.0
"34462:761432",-3.3047160,0.0
"32065:45388",-6.0301093,0.0
"27640:19893",-6.6923204,0.0
"701852:715055",+2.1599296,1.0
"92859:608210",-3.8307702,0.0
"713563:715055",-1.3498037,0.0
"721517:698037",-3.2170241,0.0
"686673:122819",+4.2791759,1.0
"752:756645",-1.6359167,0.0
"102816:761432",+6.2635853,1.0
"608210:760766",+4.3654389,1.0
"719345:760766",-0.2833056,0.0
"754143:757441",-0.2143653,0.0
"702294:752",-4.0110222,0.0
"85998:763371",-8.8370741,0.0
"138783:3088",-3.8213407,0.0
"3088:45388",+0.5336704,0.0
"138783:79037",-0.7966389,0.0
"49842:19893",-0.3612166,0.0
"761432:749226",+14.9355932,1.0
"8806:756645",-4.8401500,0.0
"49842:141540",-0.7098674,0.0
"32065:698037",+0.6844796,0.0
"732517:755986",-1.1452926,0.0
"138783:169780",+1.2024111,1.0
"8806:169780",-2.1224778,0.0
"32065:608210",-0.7485611,0.0
"747599:761432",+11.5629583,1.0
"71423:757441",-6.6327611,0.0
"613327:737754",-5.5438370,0.0
"3053:756645",-3.1708685,0.0
"45388:698037",-5.8836981,0.0
"719627:763371",-3.5582685,0.0
"45388:79037",-6.5966352,0.0
"628503:141540",-4.2674674,0.0
"756645:713563",-2.2916121,0.0
"279836:756645",+7.1353648,1.0
"122819:760766",+1.7322655,1.0
"79037:747974",+0.0416926,0.0
"6396:141540",-2.7036148,0.0
"77213:608210",+0.3165315,0.0
"218321:71423",-4.9198926,0.0
"721517:737754",-1.6942963,0.0
"409962:760766",-3.3208519,0.0
"118218:755986",-4.6370167,0.0
"125066:122819",+4.0386328,1.0
"6396:19893",-1.8337000,0.0
"369100:13875",-6.3102037,0.0
"118218:747972",-2.9061778,0.0
"721517:763371",-0.8525074,0.0
"118218:747974",-6.6294370,0.0
"719627:71423",-2.5419510,0.0
"755:8806",-5.7041224,0.0
"719276:8806",-3.1114519,0.0
"32065:82151",+0.6906889,0.0
"26271:755986",-4.5268407,0.0
"1390:749226",-2.1670611,0.0
"743414:757441",-6.2169222,0.0
"3088:79037",-1.0962500,0.0
"750:715055",+0.9494333,1.0
"25154:763371",-3.7948142,0.0
"246131:71423",-2.9784370,0.0
"71423:79037",-4.5642599,0.0
"105014:8806",-2.9186722,0.0
"609699:760766",-2.6304093,0.0
"733504:760766",-1.6029722,0.0
"745750:169780",+0.6068733,0.0
"19893:34462",-1.6167944,0.0
"681239:713563",+0.0094056,0.0
"755:45388",-7.4727759,0.0
"754143:761432",+5.4721131,1.0
"757441:749226",+1.2231262,0.0
"25154:34462",+4.8410630,1.0
"755:169780",-2.3905519,0.0
"749226:755986",+0.9655333,0.0
"19893:715055",-0.7919630,0.0
"92859:141540",-28.2631530,0.0
"67574:71423",+8.3004296,1.0
"754143:122819",+4.0321926,1.0
"609699:19893",-2.4348093,0.0
"169780:698037",-3.4821944,0.0
"77213:71423",-6.3318537,0.0
"26980:34462",-2.9567574,0.0
"14229:13875",-3.9701299,0.0
"45923:698037",-1.4537232,0.0
"138783:19893",-1.6393370,0.0
"109724:71423",-4.6846593,0.0
"754143:45388",-4.1829021,0.0
"279836:747972",-0.5172963,0.0
"279836:747974",+5.4997574,1.0
"754143:141540",+2.8453296,1.0
"246131:737754",-2.6417519,0.0
"24559:737754",+1.4315225,0.0
"718781:749226",-0.5352950,0.0
"3088:760766",-3.1835519,0.0
"762:141540",-1.9166111,0.0
"18509:45388",-2.2557796,0.0
"180973:713563",-1.0865574,0.0
"63878:752",-4.4801704,0.0
"125066:13875",-5.8037740,0.0
"24559:169780",+1.3069796,1.0
"754143:698037",+0.5339074,0.0
"747972:737754",-3.2437232,0.0
"743414:82151",+3.4534291,1.0
"369100:79037",-0.4761019,0.0
"762:82151",-0.7420759,0.0
"71423:755986",-5.4984520,0.0
"218321:715055",+0.9440519,0.0
"26271:737754",-5.4686630,0.0
"712807:713563",+5.6714852,1.0
"122758:8806",-2.6309222,0.0
"3088:698037",-5.3665444,0.0
"102816:79037",+0.8146422,0.0
"32065:279836",+2.1950574,1.0
"125973:752",-1.2797444,0.0
"27640:749226",-0.0976593,0.0
"609699:3088",-2.3098796,0.0
"71423:122819",+1.3973907,0.0
"27640:45388",-4.9690981,0.0
"1390:3088",-4.3136611,0.0
"49842:749226",+6.4317537,1.0
"718781:760766",-0.0589389,0.0
"105014:713563",+3.1830685,1.0
"747971:169780",-1.9265725,0.0
"127716:747972",-0.5666037,0.0
"122758:698037",-2.6247815,0.0
"702294:698037",-0.9581426,0.0
"14229:141540",-2.0219204,0.0
"701852:757441",-3.3266667,0.0
"747599:756645",-2.6678241,0.0
"754230:3088",-5.9045981,0.0
"218321:608210",-0.4620852,0.0
"18509:752",-2.2446685,0.0
"755986:747974",-5.7440753,0.0
"409962:141540",-2.4191000,0.0
"122819:608210",-2.1791237,0.0
"279836:755986",+4.1073955,1.0
"719345:279836",+4.5270389,1.0
"26980:279836",+0.8485667,0.0
"125066:608210",-0.5761481,0.0
"718781:19893",-0.0985667,0.0
"180973:608210",+8.3103852,1.0
"125973:3088",-2.3875009,0.0
"45923:34462",-5.3788167,0.0
"13875:737754",-7.9400185,0.0
"18509:757441",-3.0348370,0.0
"750:755986",-6.8563500,0.0
"369100:763371",-7.4467148,0.0
"19893:45388",-3.7210852,0.0
"715055:755986",+1.7875179,1.0
"747971:713563",+0.8170245,0.0
"698037:755986",-0.5649058,0.0
"747599:755986",-2.3306234,0.0
"606869:19893",-2.7625759,0.0
"3053:608210",+3.0221685,1.0
"14229:82151",-0.7553630,0.0
"296961:3088",-3.5866907,0.0
"27640:79037",-5.3014907,0.0
"38721:756645",-0.0235537,0.0
"719627:755986",-0.8565593,0.0
"3088:8806",-0.6081463,0.0
"715055:749226",+1.9863370,1.0
"138783:71423",-3.7752352,0.0
"719627:747974",-3.8973019,0.0
"719627:747972",-3.8013611,0.0
"218321:8806",-4.0761889,0.0
"279836:760766",+5.5913759,1.0
"109724:279836",+3.5291426,1.0
"673596:715055",+5.7737529,1.0
"180973:756645",+0.0397111,0.0
"26271:122819",+1.0924241,1.0
"409962:713563",+3.2684537,1.0
"218321:34462",-2.3891019,0.0
"49842:169780",+0.0867000,0.0
"747973:760766",-3.7183074,0.0
"762:763371",-7.3636722,0.0
"754143:749226",+3.3245278,1.0
"32065:169780",-0.7999463,0.0
"122758:71423",-2.1662481,0.0
"719345:761432",-0.8804859,0.0
"49842:713563",+1.9131981,1.0
"127716:763371",-3.9191815,0.0
"118218:3088",-4.8060648,0.0
"754230:760766",-3.5537352,0.0
"673596:169780",-1.5040939,0.0
"34462:608210",-6.0535700,0.0
"218321:747972",-1.2404237,0.0
"218321:747974",-3.0112111,0.0
"750:761432",-5.6652586,0.0
"702294:13875",-8.3228602,0.0
"713563:763371",-3.5307093,0.0
"737754:760766",+3.7612222,1.0
"26271:698037",-1.4931407,0.0
"754143:737754",-0.3485852,0.0
"719344:82151",+0.1818944,0.0
"762:169780",-1.7777093,0.0
"38721:698037",-1.3211507,0.0
"747971:45388",-6.0091638,0.0
"125973:82151",+1.9709376,1.0
"79037:737754",-1.9550772,0.0
"732517:698037",-1.3190433,0.0
"761431:760766",-1.8937759,0.0
"125066:747974",-5.9649204,0.0
"125066:747972",-1.6145160,0.0
"761431:756645",-4.1905235,0.0
"762:755986",-5.9000000,0.0
"754143:79037",+0.5810500,0.0
"19893:141540",-4.9566167,0.0
"180973:698037",-0.3099648,0.0
"102816:757441",-1.4771593,0.0
"71423:749226",-6.8476571,0.0
"85998:141540",+1.1120130,0.0
"85998:82151",+1.2772944,0.0
"686673:713563",+5.9496241,1.0
"719276:45388",-4.2813296,0.0
"226080:749226",-0.2024648,0.0
"369100:713563",+2.1184648,1.0
"712807:747972",-2.0423148,0.0
"77213:715055",+1.7197389,1.0
"686673:763371",-5.2647963,0.0
"118218:698037",-3.5106494,0.0
"613327:79037",-1.4234333,0.0
"369100:141540",-2.5179944,0.0
"719345:756645",-0.4337852,0.0
"761431:747974",-4.8003185,0.0
"754143:755986",+1.9624388,1.0
"1390:19893",-1.7137685,0.0
"747971:13875",-5.4282392,0.0
"698037:757441",-2.5771315,0.0
"754143:34462",+2.4974852,1.0
"3053:3088",+0.8096111,0.0
"1390:141540",-2.7267389,0.0
"3053:752",-3.9442722,0.0
"109724:757441",-4.0190056,0.0
"719344:755986",-1.6941778,0.0
"63878:3088",-4.2786296,0.0
"8806:737754",-4.1485217,0.0
"127716:71423",-4.4168407,0.0
"6396:82151",-2.4418889,0.0
"125973:756645",-4.4629130,0.0
"8806:279836",-0.0216148,0.0
"733504:45388",-6.1213778,0.0
"743414:608210",+5.7109153,1.0
"24559:608210",+5.8939944,1.0
"241240:756645",-1.1015907,0.0
"747972:757441",-3.1109397,0.0
"77213:749226",-3.9045518,0.0
"102816:13875",-6.9528286,0.0
"241240:713563",+1.7468722,1.0
"755:608210",-0.5349630,0.0
"63878:169780",-2.1059759,0.0
"747973:757441",-2.8814878,0.0
"752:715055",-0.5911226,0.0
"698037:763371",-4.6053333,0.0
"755:71423",-4.5469115,0.0
"719345:747972",-2.9473500,0.0
"719345:747974",-2.7389370,0.0
"102816:45388",-4.2769056,0.0
"1390:608210",+0.3997006,0.0
"747971:755986",-3.3810296,0.0
"719345:3088",-4.7363796,0.0
"369100:122819",+0.0397648,0.0
"718781:122819",+5.9579907,1.0
"733504:761432",+5.4978130,1.0
"8806:79037",+1.2792611,0.0
"756645:79037",-2.2329463,0.0
"712807:757441",-3.2717352,0.0
"45388:755986",-5.6450148,0.0
"26980:79037",-5.0680169,0.0
"241240:752",-9.4750383,0.0
"19893:698037",-5.2252833,0.0
"24559:79037",-0.4575166,0.0
"743414:79037",-2.3268556,0.0
"362856:608210",-1.6790230,0.0
"718781:141540",+3.7487759,1.0
"745750:761432",+12.2080772,1.0
"732517:169780",+1.2239642,0.0
"102816:8806",-2.9228426,0.0
"127716:279836",+0.8116944,0.0
"26271:757441",-5.9243796,0.0
"745750:79037",-0.3297872,0.0
"718781:82151",+5.2122426,1.0
"102816:749226",-1.0924520,0.0
"92859:169780",-9.0821871,0.0
"122758:757441",-3.3783446,0.0
"6396:279836",-1.0363667,0.0
"409962:79037",+0.9974167,1.0
"701852:760766",-2.4778630,0.0
"6396:122819",-1.7653519,0.0
"745750:747974",-5.8222481,0.0
"226080:19893",+0.6806907,0.0
"745750:747972",-2.0209153,0.0
"608210:749226",+5.9859426,1.0
"756645:752",-2.1183611,0.0
"122819:756645",+0.0913407,0.0
"34462:737754",-3.8061222,0.0
"85998:749226",-7.6378685,0.0
"13875:71423",-6.2185056,0.0
"26980:713563",+2.2079204,1.0
"750:747972",-1.4554759,0.0
"125973:761432",+1.9666815,1.0
"755:713563",-0.2147352,0.0
"740:169780",-2.9182524,0.0
"718781:757441",+0.0300414,0.0
"138783:752",-9.0052361,0.0
"613327:8806",-3.5299389,0.0
"747971:752",-0.8831907,0.0
"8806:122819",-3.9392900,0.0
"82151:122819",+3.3003574,1.0
"18509:715055",-0.4481019,0.0
"34462:747974",+1.2113519,0.0
"34462:747972",-4.1449370,0.0
"754230:737754",-4.6747093,0.0
"713563:760766",-0.7641243,0.0
"702294:45388",-5.2855611,0.0
"34462:760766",-2.1695222,0.0
"67574:713563",+5.0639704,1.0
"719627:698037",-3.4284630,0.0
"125973:713563",+1.5055932,1.0
"296961:19893",+0.0303667,0.0
"125973:747974",-3.6899611,0.0
"613327:761432",-1.3434407,0.0
"125973:747972",-1.4210414,0.0
"754230:757441",-4.1237667,0.0
"13875:141540",-4.3276963,0.0
"686673:279836",+5.9655481,1.0
"25154:19893",-2.1798889,0.0
"45388:715055",-2.3264019,0.0
"609699:8806",-1.9285093,0.0
"721517:757441",-2.2086796,0.0
"118218:763371",-5.4740000,0.0
"718781:752",-1.9427722,0.0
"628503:760766",+2.8711981,1.0
"26271:763371",-6.8224407,0.0
"26980:3088",-3.8506278,0.0
"67574:608210",+4.2569593,1.0
"85998:169780",-0.4539056,0.0
"747599:747974",-4.6242389,0.0
"747599:747972",-3.3674833,0.0
"118218:34462",-1.7330685,0.0
"745750:752",-2.0470207,0.0
"745750:698037",-2.0100094,0.0
"79037:756645",-5.2079574,0.0
"241240:698037",-2.7804685,0.0
"362856:747972",-3.6757375,0.0
"686673:82151",+1.9592907,1.0
"218321:760766",-0.9272167,0.0
"362856:747974",-8.1361778,0.0
"628503:71423",+14.7973333,1.0
"34462:698037",-5.7261977,0.0
"18509:279836",-0.9411259,0.0
"702294:82151",-0.1704821,0.0
"71423:737754",+4.5370389,1.0
"67574:747972",-3.0606234,0.0
"85998:713563",+2.3160519,1.0
"673596:698037",-2.8773889,0.0
"77213:737754",-6.6628983,0.0
"122819:279836",+0.1451204,0.0
"608210:755986",+7.9807835,1.0
"122758:19893",+0.2324111,0.0
"719627:713563",+4.1526759,1.0
"85998:8806",-3.6649407,0.0
"49842:760766",+4.5355889,1.0
"24559:763371",-8.3525537,0.0
"6396:755986",-4.7493148,0.0
"719627:756645",+0.6082370,0.0
"719345:737754",-2.5689019,0.0
"141540:279836",+2.9189648,1.0
"761432:737754",+10.3145345,1.0
"606869:749226",-1.1161743,0.0
"719345:141540",+0.5609473,0.0
"613327:45388",-4.7962907,0.0
"32065:3088",-5.1461556,0.0
"92859:756645",-6.5332704,0.0
"32065:752",-5.4582037,0.0
"733504:755986",+1.1879981,0.0
"296961:749226",-5.1545667,0.0
"609699:747974",-4.1884907,0.0
"701852:756645",-2.8144204,0.0
"246131:715055",-1.5320796,0.0
"609699:747972",-1.8884667,0.0
"743414:761432",+4.9758278,1.0
"66847:71423",-2.0294222,0.0
"752:82151",-5.4765889,0.0
"762:749226",-4.0735989,0.0
"118218:8806",-3.7256815,0.0
"118218:82151",-1.0041981,0.0
"3088:34462",+0.9836093,0.0
"681239:756645",-3.6964068,0.0
"66847:608210",-0.3928648,0.0
"750:71423",-6.4620741,0.0
"27640:3088",-7.5991389,0.0
"66847:763371",-2.2455650,0.0
"747599:715055",-0.1460407,0.0
"118218:761432",-0.7728833,0.0
"125066:755986",-3.6639278,0.0
"702294:608210",+3.2821593,1.0
"752:19893",-6.6728111,0.0
"747599:79037",-2.1650685,0.0
"3088:756645",-4.7797797,0.0
"1390:71423",-5.3484593,0.0
"79037:713563",-1.5772444,0.0
"67574:749226",+3.4078037,1.0
"45923:752",-3.4467315,0.0
"26271:13875",-8.4972111,0.0
"721517:3088",-10.4710870,0.0
"719344:19893",-1.2223778,0.0
"24559:757441",-3.8777914,0.0
"32065:755986",-1.8549852,0.0
"606869:279836",+0.7176889,0.0
"8806:13875",-0.9204000,0.0
"49842:3088",-3.4385057,0.0
"719344:3088",-4.6045944,0.0
"105014:45388",-4.9875315,0.0
"754143:279836",+5.7862957,1.0
"732517:3088",+1.4208023,1.0
"27640:715055",-0.5667241,0.0
"747972:749226",-2.4577019,0.0
"702294:8806",-5.5786759,0.0
"686673:757441",-4.9736121,0.0
"82151:757441",-1.8003559,0.0
"718781:737754",-0.1109481,0.0
"122758:34462",+0.2620037,0.0
"246131:122819",-1.3341296,0.0
"712807:752",-2.8750481,0.0
"38721:122819",-1.7360885,0.0
"66847:713563",-2.9405311,0.0
"719276:141540",+0.9015222,0.0
"3088:761432",-3.0264563,0.0
"701852:19893",-0.7974200,0.0
"686673:756645",-4.4455630,0.0
"721517:169780",-5.6685796,0.0
"609699:761432",-3.4954222,0.0
"79037:763371",-2.8066064,0.0
"105014:752",-6.5871611,0.0
"34462:122819",-1.4545537,0.0
"8806:757441",-4.8617056,0.0
"409962:122819",-0.6528305,0.0
"733504:737754",-3.4717944,0.0
"125973:737754",+2.3233333,1.0
"628503:713563",+4.7904181,1.0
"26980:122819",-0.1771537,0.0
"750:747974",-5.5452056,0.0
"92859:82151",-17.3893522,0.0
"45923:279836",-0.8246591,0.0
"609699:756645",-4.4163778,0.0
"369100:19893",-0.9009370,0.0
"681239:757441",-3.6730500,0.0
"754143:747972",-0.8363778,0.0
"754143:747974",-0.6800463,0.0
"369100:82151",+0.7361204,0.0
"105014:756645",-5.3582889,0.0
"763371:749226",-1.8091463,0.0
"38721:169780",-0.9447130,0.0
"1390:13875",-6.1041281,0.0
"24559:752",-1.3377222,0.0
"141540:715055",+2.5714537,1.0
"747599:45388",-4.8821827,0.0
"673596:747974",-1.8218630,0.0
"702294:747974",-8.5058889,0.0
"25154:756645",-4.6945278,0.0
"45388:141540",-1.0260278,0.0
"702294:747972",-2.9899389,0.0
"25154:713563",+0.9354611,1.0
"733504:752",-4.4761296,0.0
"109724:763371",-6.0112222,0.0
"102816:713563",+3.5566907,1.0
"241240:71423",-3.6842074,0.0
"750:122819",+0.8172392,0.0
"246131:82151",-0.9915481,0.0
"85998:45388",-5.8922167,0.0
"63878:698037",-4.0328947,0.0
"1390:760766",-1.5098278,0.0
"732517:747972",-2.7124519,0.0
"732517:747974",-3.1934315,0.0
"24559:3088",+10.7256222,1.0
"13875:45388",-4.1869056,0.0
"118218:71423",-5.6654732,0.0
"24559:761432",+9.1839556,1.0
"49842:752",-0.0292130,0.0
"180973:763371",-2.9796037,0.0
"127716:122819",+2.1569722,1.0
"673596:752",-3.0723621,0.0
"719627:13875",-6.7597222,0.0
"761431:749226",-2.9618111,0.0
"747599:13875",-7.1396252,0.0
"606869:79037",-0.5715648,0.0
"740:82151",-1.8458493,0.0
"82151:608210",+2.4244898,1.0
"77213:8806",-2.3156611,0.0
"45388:760766",-5.0017514,0.0
"138783:755986",-1.6550537,0.0
"127716:141540",-1.0517444,0.0
"3088:747972",-1.6573722,0.0
"138783:747974",-0.2446407,0.0
"138783:747972",-2.7132611,0.0
"3088:747974",-1.7583574,0.0
"38721:8806",-3.7815333,0.0
"721517:756645",+1.6463778,1.0
"719344:34462",-1.7423074,0.0
"733504:122819",+2.6058037,1.0
"732517:749226",-2.0668500,0.0
"701852:713563",+8.4054870,1.0
"732517:737754",-1.4876441,0.0
"105014:757441",-4.2341796,0.0
"754143:752",-1.3080741,0.0
"32065:19893",-1.1668704,0.0
"218321:279836",-6.3132520,0.0
"27640:713563",+0.4632907,0.0
"757441:737754",+0.4484670,0.0
"750690:698037",-1.1082524,0.0
"754230:141540",-2.1561827,0.0
"718781:608210",+5.0374576,1.0
"85998:79037",-1.3062389,0.0
"180973:8806",-4.7528389,0.0
"296961:71423",-3.6362950,0.0
"127716:749226",-1.5798296,0.0
"743414:763371",-7.7476852,0.0
"747973:13875",-6.6786648,0.0
"67574:756645",-0.2097019,0.0
"747599:169780",-2.8493926,0.0
"138783:737754",-4.6761149,0.0
"733504:13875",-3.8637037,0.0
"702294:715055",-6.5118056,0.0
"712807:3088",-2.9019704,0.0
"733504:698037",-4.6430611,0.0
"409962:749226",-2.8849056,0.0
"409962:763371",-5.3621556,0.0
"681239:34462",-2.0110389,0.0
"362856:82151",+1.3299617,1.0
"226080:141540",-1.2119963,0.0
"745750:608210",+5.0978814,1.0
"118218:608210",+0.3274926,0.0
"19893:71423",-4.5636611,0.0
"77213:698037",-8.7115122,0.0
"241240:757441",+0.6220296,0.0
"673596:760766",-0.0543204,0.0
"754143:760766",-0.2466074,0.0
"8806:608210",-4.4450000,0.0
"756645:715055",+2.1169630,1.0
"613327:757441",-5.4053481,0.0
"92859:713563",-30.6168963,0.0
"712807:279836",+5.4288278,1.0
"102816:756645",-0.6507019,0.0
"369100:761432",-1.7545972,0.0
"747971:715055",+0.1849574,0.0
"719276:82151",+2.1506648,1.0
"18509:756645",-4.5549074,0.0
"13875:755986",-6.1977439,0.0
"761432:757441",+9.8758796,1.0
"745750:715055",+0.7252128,0.0
"118218:752",-3.8580169,0.0
"756645:3088",-5.1241657,0.0
"71423:279836",+3.4034574,1.0
"246131:608210",+0.1810167,0.0
"141540:756645",-2.6345778,0.0
"715055:737754",+6.8721222,1.0
"125973:8806",-2.3737907,0.0
"102816:34462",+1.9644426,1.0
"686673:45388",-3.8104111,0.0
"609699:737754",-3.3905185,0.0
"732517:757441",-2.2976833,0.0
"606869:737754",-0.7726519,0.0
"25154:698037",-1.5498582,0.0
"27640:760766",-2.1308519,0.0
"296961:13875",-7.3116817,0.0
"125066:756645",-4.3788296,0.0
"732517:763371",-2.1521296,0.0
"715055:763371",-1.9389130,0.0
"3088:19893",-4.0673426,0.0
"681239:752",-1.2973759,0.0
"296961:141540",-3.7227556,0.0
"757441:756645",+3.4385519,1.0
"6396:3088",-5.0120981,0.0
"102816:698037",-1.5227278,0.0
"606869:713563",+2.2431852,1.0
"1390:715055",+0.7881537,0.0
"26271:19893",-1.8161389,0.0
"737754:747974",+2.7977476,1.0
"3053:169780",-1.7464741,0.0
"750690:757441",-4.8512000,0.0
"762:715055",-3.8665056,0.0
"609699:608210",-3.6694815,0.0
"24559:82151",+3.7852693,1.0
"747973:82151",-2.0021055,0.0
"719627:761432",+13.1355722,1.0
"747599:737754",-2.0320651,0.0
"118218:141540",+1.0308611,0.0
"226080:8806",-2.3643370,0.0
"755:763371",-5.9899593,0.0
"32065:13875",-8.2966111,0.0
"718781:3088",-0.7582852,0.0
"409962:3088",-2.5448648,0.0
"169780:608210",-1.9767907,0.0
"6396:715055",+1.0143729,1.0
"747973:79037",-4.1166519,0.0
"92859:761432",-30.0014795,0.0
"92859:71423",-3.5472259,0.0
"138783:13875",-7.5701556,0.0
"63878:755986",-2.3576418,0.0
"38721:749226",-2.4486770,0.0
"25154:752",-4.9614087,0.0
"719344:713563",+4.5169519,1.0
"241240:13875",-4.5322963,0.0
"296961:608210",-1.5940926,0.0
"13875:715055",-2.6158833,0.0
"701852:71423",-4.9871093,0.0
"719627:82151",+5.9020093,1.0
"762:608210",-2.0222931,0.0
"719627:757441",-1.8052370,0.0
"26271:715055",-0.8792778,0.0
"6396:169780",-3.5777870,0.0
"105014:13875",-6.9217944,0.0
"719344:763371",-4.1698852,0.0
"628503:279836",-1.0437250,0.0
"362856:713563",+1.9368793,1.0
"82151:755986",+3.7771820,1.0
"122758:749226",-2.6720037,0.0
"19893:749226",+0.3775074,0.0
"8806:715055",-1.0480753,0.0
"701852:698037",-1.6380339,0.0
"82151:749226",+0.8675148,0.0
"755:3088",-7.5745575,0.0
"747973:19893",-1.2631389,0.0
"34462:79037",-4.1951241,0.0
"733504:757441",-5.1562392,0.0
"613327:749226",-4.4094482,0.0
"745750:756645",-3.7218019,0.0
"34462:141540",-4.3016241,0.0
"180973:141540",-2.3162889,0.0
"369100:760766",-5.3069056,0.0
"732517:761432",+1.4209185,0.0
"118218:19893",-1.3816019,0.0
"721517:279836",-35.0650481,0.0
"122758:715055",+0.0604685,0.0
"226080:45388",-4.5933000,0.0
"721517:19893",+1.9749796,1.0
"26271:34462",+1.8001130,1.0
"25154:3088",-0.8341907,0.0
"19893:747972",-0.5677389,0.0
"19893:747974",-0.1457870,0.0
"732517:122819",+4.3254030,1.0
"85998:760766",-6.8007500,0.0
"369100:279836",+1.7949648,1.0
"681239:71423",-1.6307889,0.0
"755:761432",-3.9468778,0.0
"606869:715055",+3.9156778,1.0
"750690:755986",-4.5336444,0.0
"27640:82151",-3.8528226,0.0
"218321:749226",-1.4436407,0.0
"169780:713563",-3.2521185,0.0
"606869:760766",+0.6785278,0.0
"701852:13875",-5.4125685,0.0
"82151:169780",-0.3724741,0.0
"26980:747974",-2.7189833,0.0
"608210:713563",-0.8400960,0.0
"26980:747972",-0.5026963,0.0
"125066:3088",-2.2296008,0.0
"740:34462",+0.0738966,0.0
"686673:608210",+0.6510926,0.0
"125066:737754",-3.4340904,0.0
"702294:755986",-5.7548986,0.0
"732517:608210",+2.6024943,1.0
"8806:761432",-4.6012510,0.0
"13875:747972",-1.2998736,0.0
"45923:71423",-5.8680659,0.0
"613327:34462",-3.6294315,0.0
"138783:698037",-2.9287063,0.0
"79037:761432",+0.4135679,0.0
"673596:737754",-1.6401537,0.0
"713563:747974",-2.9027500,0.0
"712807:608210",+3.3328519,1.0
"762:8806",-6.0401167,0.0
"757441:763371",-0.1705667,0.0
"608210:761432",+3.6370056,1.0
"362856:13875",-6.5728621,0.0
"3053:19893",+0.1103578,0.0
"733504:82151",+3.9371500,1.0
"63878:763371",-2.8894259,0.0
"718781:747972",-1.0254074,0.0
"718781:747974",-3.8794019,0.0
"733504:763371",-4.1284275,0.0
"745750:19893",-0.9756460,0.0
"732517:141540",+0.0360640,0.0
"362856:45388",-5.5261743,0.0
"752:79037",-2.8031205,0.0
"3053:747972",-0.9211241,0.0
"733504:19893",-0.0264981,0.0
"218321:141540",-2.4994444,0.0
"3053:747974",-3.9318833,0.0
"747972:747974",-4.5325241,0.0
"127716:19893",-2.8597722,0.0
"369100:756645",-5.7051667,0.0
"127716:45388",-3.7115611,0.0
"138783:757441",-3.5348704,0.0
"628503:45388",-0.9613352,0.0
"34462:45388",-0.5429741,0.0
"92859:19893",-1.3272109,0.0
"14229:122819",-1.4729630,0.0
"102816:608210",+0.6022704,0.0
"138783:713563",-1.3189556,0.0
"127716:698037",-1.4606870,0.0
"19893:756645",-0.0629815,0.0
"718781:45388",-2.8231759,0.0
"138783:756645",-3.5339741,0.0
"241240:169780",-0.2940273,0.0
"747971:79037",-1.6791926,0.0
"750690:82151",-1.4482298,0.0
"45388:71423",-3.5964574,0.0
"719276:749226",-2.7464501,0.0
"754230:713563",-1.7156259,0.0
"122819:141540",+0.0546963,0.0
"218321:755986",-0.6874369,0.0
"26271:45388",-5.8098333,0.0
"747971:763371",-5.8602072,0.0
"760766:763371",-2.2922074,0.0
"26980:19893",-3.1684000,0.0
"125066:34462",+3.9898569,1.0
"226080:82151",+1.1248796,1.0
"719345:715055",+1.2521463,1.0
"719344:279836",+3.1814056,1.0
"761432:756645",+6.4929130,1.0
"754143:715055",+7.0635481,1.0
"38721:715055",+0.7592556,0.0
"25154:757441",-2.9715981,0.0
"362856:763371",-8.7370389,0.0
"67574:8806",-3.0928889,0.0
"26980:715055",+1.6597130,1.0
"26271:141540",-2.5253463,0.0
"49842:71423",+2.8944482,1.0
"125973:715055",+11.5938352,1.0
"747599:279836",+4.4126139,1.0
"14229:760766",-1.6138704,0.0
"13875:760766",-6.7729370,0.0
"32065:141540",-2.1512667,0.0
"118218:713563",+2.6241815,1.0
"24559:713563",+0.8249500,0.0
"118218:760766",-3.8811130,0.0
"755:13875",-6.1383981,0.0
"733504:34462",+3.1166852,1.0
"681239:122819",-1.7003019,0.0
"732517:79037",+2.3863593,1.0
"747599:698037",+0.4130824,0.0
"747973:752",-2.8771556,0.0
"38721:608210",+4.7145037,1.0
"82151:747974",+2.8175981,1.0
"754143:8806",-0.1276930,0.0
"63878:82151",-1.3141593,0.0
"45388:737754",-4.3117796,0.0
"49842:756645",+5.1989167,1.0
"369100:747972",-3.1120963,0.0
"369100:747974",-7.4665796,0.0
"180973:79037",-2.5337981,0.0
"686673:79037",+3.5999981,1.0
"14229:749226",-0.6529444,0.0
"122758:82151",-0.2767296,0.0
"66847:8806",-1.4896333,0.0
"761432:760766",+11.6306907,1.0
"745750:71423",-2.7327514,0.0
"719276:3088",-3.2525185,0.0
"67574:13875",-0.2291204,0.0
"77213:141540",+1.4221000,1.0
"26980:761432",-2.6989303,0.0
"609699:122819",-0.9238593,0.0
"763371:760766",+0.3981630,0.0
"77213:3088",-1.7986759,0.0
"747599:760766",-2.1890204,0.0
"18509:3088",-4.5218167,0.0
"756645:122819",-2.1472599,0.0
"127716:761432",+0.7624667,0.0
"241240:3088",-2.7262685,0.0
"613327:713563",+1.2393574,1.0
"681239:19893",-0.1848741,0.0
"613327:752",-5.1842222,0.0
"721517:713563",-32.6396111,0.0
"105014:122819",+1.9984556,1.0
"743414:713563",-2.5207556,0.0
"606869:3088",-2.6859537,0.0
"628503:19893",-1.0314537,0.0
"719344:757441",-3.2236889,0.0
"38721:747972",-2.1417926,0.0
"102816:71423",-5.2737891,0.0
"66847:756645",-0.3601310,0.0
"38721:747974",-1.6338907,0.0
"8806:747972",+1.1794350,0.0
"698037:761432",-1.8474256,0.0
"740:122819",-2.2423918,0.0
"762:79037",-0.3320759,0.0
"8806:747974",-3.7210741,0.0
"755986:757441",-2.5743407,0.0
"67574:757441",-2.6909981,0.0
"26980:141540",-2.3111185,0.0
"719344:756645",-1.0172957,0.0
"715055:760766",+2.7423148,1.0
"718781:79037",+3.3759852,1.0
"409962:34462",-0.2949167,0.0
"745750:82151",+5.2462031,1.0
"702294:756645",-9.5827857,0.0
"673596:79037",-0.1054464,0.0
"628503:763371",+2.6729704,1.0
"740:749226",-4.0392278,0.0
"737754:755986",+7.5010278,1.0
"49842:761432",+3.6773125,1.0
"628503:752",-2.6257741,0.0
"125066:752",-2.2305348,0.0
"45388:761432",-4.2349093,0.0
"82151:713563",+4.6620093,1.0
"34462:279836",-1.5487519,0.0
"747973:761432",+1.6769222,1.0
"606869:761432",+4.1494263,1.0
"762:19893",-1.5095426,0.0
"613327:608210",-2.0755424,0.0
"67574:82151",+2.4615612,1.0
"66847:761432",+5.5541488,1.0
"701852:279836",+9.1322389,1.0
"92859:34462",-23.9505085,0.0
"754230:761432",+3.4265737,1.0
"3088:763371",-6.3716463,0.0
"27640:8806",-6.3340264,0.0
"45923:82151",-2.5079000,0.0
"102816:763371",-1.1668519,0.0
"740:715055",+0.8868324,0.0
"27640:747974",-2.4955463,0.0
"3088:715055",+0.8386426,0.0
"27640:747972",-0.8846926,0.0
"77213:760766",-3.2980185,0.0
"49842:747974",+8.8728981,1.0
"24559:760766",+0.5876667,0.0
"45923:713563",-2.4362481,0.0
"49842:747972",-2.8079500,0.0
"750:34462",+0.3817074,0.0
"756645:749226",-0.6277833,0.0
"71423:608210",+1.0090096,0.0
"719345:752",-2.3899605,0.0
"63878:757441",-1.7083389,0.0
"85998:34462",+0.5175759,0.0
"740:757441",-4.5159171,0.0
"362856:79037",+1.3728506,1.0
"246131:752",-1.3002722,0.0
"740:279836",-1.9251092,0.0
"750690:763371",-5.1338148,0.0
"747973:698037",-1.6144294,0.0
"606869:169780",-1.8817759,0.0
"747971:19893",-2.5099704,0.0
"628503:169780",-3.2560074,0.0
"3053:737754",-3.0287111,0.0
"613327:756645",-5.8416034,0.0
"747971:760766",-6.0271204,0.0
"3088:71423",-6.7617019,0.0
"628503:757441",+3.1290630,1.0
"27640:756645",-2.8648611,0.0
"67574:141540",+1.5217434,1.0
"747599:19893",-0.6059849,0.0
"246131:279836",-1.0500241,0.0
"66847:13875",-5.4550315,0.0
"25154:8806",+1.9479704,1.0
"6396:747974",-3.9633426,0.0
"32065:737754",-3.5006296,0.0
"755986:761432",+8.3300944,1.0
"719344:13875",-7.2469259,0.0
"6396:747972",-2.3472870,0.0
"279836:715055",+15.4471519,1.0
"754143:608210",+0.6454162,0.0
"169780:747974",-4.2138685,0.0
"77213:122819",+5.9653074,1.0
"180973:279836",+7.6928074,1.0
"743414:752",-2.3839259,0.0
"719627:34462",-1.9818352,0.0
"608210:763371",+0.0487481,0.0
"14229:608210",+2.8063089,1.0
"702294:760766",-6.4969286,0.0
"180973:122819",+0.7424741,0.0
"719344:760766",-0.5035296,0.0
"63878:760766",+0.8273667,1.0
"18509:698037",-4.5422825,0.0
"38721:45388",-4.5702741,0.0
"613327:698037",-4.2667069,0.0
"26271:79037",-1.5666259,0.0
"125973:608210",+2.1379093,1.0
"24559:19893",+2.2634042,1.0
"754230:747972",-2.3948778,0.0
"296961:715055",-8.1711762,0.0
"79037:279836",-15.8114218,0.0
"25154:169780",-0.1071833,0.0
"8806:749226",-4.3990772,0.0
"67574:761432",+0.1781019,0.0
"755:756645",-4.2782037,0.0
"743414:279836",+11.1944463,1.0
"719344:752",-3.1254630,0.0
"14229:698037",-2.1578964,0.0
"63878:761432",+0.2973761,0.0
"138783:761432",+5.1056647,1.0
"169780:763371",-2.9236573,0.0
"45923:13875",-7.9403145,0.0
"719276:79037",+0.9192167,0.0
"698037:749226",-1.3973710,0.0
"63878:122819",-0.1422731,0.0
"180973:13875",-7.3989630,0.0
"613327:71423",-4.1686852,0.0
"761431:737754",+4.4985217,1.0
"754230:45388",-4.6719567,0.0
"762:757441",-5.2256516,0.0
"122758:760766",-2.7048000,0.0
"409962:169780",-1.5015204,0.0
"701852:761432",+0.5398204,0.0
"25154:71423",-4.2721259,0.0
"606869:45388",-4.2403204,0.0
"369100:755986",-5.7421333,0.0
"180973:45388",-4.2012411,0.0
"747971:34462",-3.2437241,0.0
"747973:3088",-6.6318305,0.0
"740:19893",-5.6791808,0.0
"24559:45388",-4.2953236,0.0
"63878:141540",-1.0654833,0.0
"733504:715055",+2.6603667,1.0
"747973:763371",-4.1435241,0.0
"102816:3088",-3.4779736,0.0
"27640:761432",+1.3400546,0.0
"721517:122819",-29.2418154,0.0
"686673:760766",-2.6808593,0.0
